0 /         0 -7.70416,
1 /  0.0371313  -7.70416,
2 /  0.0742626  -7.70416,
3 /  0.111394 -7.70416,
4 /  0.148525 -7.70416,
5 /  0.185656 -7.70416,
6 /  0.222787 -7.70416,
7 /  0.259917 -7.70416,
8 /  0.297048 -7.70416,
9 /  0.334177 -7.70416,
10 /  0.371307 -7.70416,
11 /  0.408436 -7.70416,
12 /  0.445565 -7.70416,
13 /  0.482694 -7.70416,
14 /  0.519822 -7.70416,
15 /  0.556912 -7.70416,
16 /  0.594039 -7.70416,
17 /  0.631165 -7.70416,
18 /  0.668291 -7.70416,
19 /  0.705416 -7.70416,
20 /   0.74254 -7.70416,
21 /  0.779626 -7.70416,
22 /  0.816749 -7.70416,
23 /  0.853871 -7.70416,
24 /  0.890992 -7.70416,
25 /  0.928075 -7.70416,
26 /  0.965195 -7.70416,
27 /   1.00231 -7.70416,
28 /   1.03939 -7.70416,
29 /   1.07651 -7.70416,
30 /   1.11362 -7.70416,
31 /    1.1507 -7.70416,
32 /   1.18781 -7.70416,
33 /   1.22489 -7.70416,
34 /   1.26196 -7.70416,
35 /   1.29907 -7.70416,
36 /   1.33614 -7.70416,
37 /   1.37325 -7.70416,
38 /   1.41032 -7.70416,
39 /   1.44738 -7.70416,
40 /   1.48445 -7.70416,
41 /   1.52155 -7.70416,
42 /   1.55861 -7.70416,
43 /   1.59567 -7.70416,
44 /   1.63273 -7.70416,
45 /   1.66979 -7.70416,
46 /   1.70685 -7.70416,
47 /    1.7439 -7.70416,
48 /   1.78095 -7.70416,
49 /   1.81797 -7.70416,
50 /   1.85501 -7.70416,
51 /   1.89206 -7.70416,
52 /   1.92911 -7.70416,
53 /   1.96611 -7.70416,
54 /   2.00315 -7.70416,
55 /   2.04016 -7.70416,
56 /   2.07719 -7.70416,
57 /   2.11419 -7.70416,
58 /   2.15119 -7.70416,
59 /   2.18822 -7.70416,
60 /   2.22521 -7.70416,
61 /    2.2622 -7.70416,
62 /   2.29919 -7.70416,
63 /   2.33617 -7.70416,
64 /   2.37315 -7.70416,
65 /   2.41013 -7.70416,
66 /   2.44711 -7.70416,
67 /   2.48409 -7.70416,
68 /   2.52106 -7.70416,
69 /   2.55799 -7.70416,
70 /   2.59496 -7.70416,
71 /   2.63189 -7.70416,
72 /   2.66885 -7.70416,
73 /   2.70577 -7.70416,
74 /   2.74269 -7.70416,
75 /   2.77965 -7.70416,
76 /   2.81656 -7.70416,
77 /   2.85347 -7.70416,
78 /   2.89038 -7.70416,
79 /   2.92729 -7.70416,
80 /   2.96419 -7.70416,
81 /   3.00106 -7.70416,
82 /   3.03795 -7.70416,
83 /   3.07485 -7.70416,
84 /    3.1117 -7.70416,
85 /   3.14859 -7.70416,
86 /   3.18544 -7.70416,
87 /   3.22228 -7.70416,
88 /   3.25913 -7.70416,
89 /     3.296 -7.70416,
90 /   3.33284 -7.70416,
91 /   3.36963 -7.70416,
92 /   3.40646 -7.70416,
93 /   3.44328 -7.70416,
94 /   3.48011 -7.70416,
95 /   3.51689 -7.70416,
96 /    3.5537 -7.70416,
97 /   3.59048 -7.70416,
98 /   3.62725 -7.70416,
99 /   3.66401 -7.70416,
100 /   3.70078 -7.70416,
101 /   3.73754 -7.70416,
102 /   3.77429 -7.70416,
103 /   3.81105 -7.70416,
104 /    3.8478 -7.70416,
105 /    3.8845 -7.70416,
106 /   3.92124 -7.70416,
107 /   3.95794 -7.70416,
108 /   3.99464 -7.70416,
109 /   4.03133 -7.70416,
110 /   4.06802 -7.70416,
111 /   4.10471 -7.70416,
112 /   4.14139 -7.70416,
113 /   4.17806 -7.70416,
114 /    4.2147 -7.70416,
115 /   4.25137 -7.70416,
116 /   4.28799 -7.70416,
117 /   4.32461 -7.70416,
118 /   4.36123 -7.70416,
119 /   4.39785 -7.70416,
120 /   4.43446 -7.70416,
121 /   4.47106 -7.70416,
122 /   4.50766 -7.70416,
123 /   4.54422 -7.70416,
124 /   4.58078 -7.70416,
125 /   4.61737 -7.70416,
126 /   4.65391 -7.70416,
127 /   4.69045 -7.70416,
128 /   4.72699 -7.70416,
129 /   4.76352 -7.70416,
130 /   4.80001 -7.70416,
131 /   4.83654 -7.70416,
132 /   4.87302 -7.70416,
133 /   4.90949 -7.70416,
134 /   4.94597 -7.70416,
135 /   4.98243 -7.70416,
136 /   5.01889 -7.70416,
137 /   5.05535 -7.70416,
138 /   5.09177 -7.70416,
139 /   5.12821 -7.70416,
140 /   5.16462 -7.70416,
141 /   5.20102 -7.70416,
142 /   5.23741 -7.70416,
143 /    5.2738 -7.70416,
144 /   5.31019 -7.70416,
145 /   5.34653 -7.70416,
146 /   5.38291 -7.70416,
147 /   5.41924 -7.70416,
148 /   5.45556 -7.70416,
149 /   5.49189 -7.70416,
150 /    5.5282 -7.70416,
151 /   5.56451 -7.70416,
152 /   5.60078 -7.70416,
153 /   5.63708 -7.70416,
154 /   5.67334 -7.70416,
155 /   5.70959 -7.70416,
156 /   5.74584 -7.70416,
157 /   5.78208 -7.70416,
158 /   5.81828 -7.70416,
159 /   5.85451 -7.70416,
160 /    5.8907 -7.70416,
161 /   5.92688 -7.70416,
162 /   5.96305 -7.70416,
163 /   5.99922 -7.70416,
164 /   6.03539 -7.70416,
165 /   6.07151 -7.70416,
166 /   6.10766 -7.70416,
167 /   6.14377 -7.70416,
168 /   6.17988 -7.70416,
169 /   6.21597 -7.70416,
170 /   6.25203 -7.70416,
171 /   6.28811 -7.70416,
172 /   6.32416 -7.70416,
173 /   6.36019 -7.70416,
174 /   6.39622 -7.70416,
175 /   6.43225 -7.70416,
176 /   6.46827 -7.70416,
177 /   6.50424 -7.70416,
178 /   6.54025 -7.70416,
179 /   6.57621 -7.70416,
180 /   6.61217 -7.70416,
181 /   6.64808 -7.70416,
182 /   6.68403 -7.70416,
183 /   6.71993 -7.70416,
184 /   6.75586 -7.70416,
185 /   6.79174 -7.70416,
186 /   6.82759 -7.70416,
187 /   6.86346 -7.70416,
188 /   6.89933 -7.70416,
189 /   6.93516 -7.70416,
190 /   6.97097 -7.70416,
191 /   7.00678 -7.70416,
192 /   7.04259 -7.70416,
193 /   7.07835 -7.70416,
194 /   7.11411 -7.70416,
195 /   7.14989 -7.70416,
196 /   7.18559 -7.70416,
197 /   7.22133 -7.70416,
198 /   7.25705 -7.70416,
199 /   7.29274 -7.70416,
200 /   7.32841 -7.70416,
201 /   7.36408 -7.70416,
202 /   7.39975 -7.70416,
203 /    7.4354 -7.70416,
204 /   7.47101 -7.70416,
205 /   7.50662 -7.70416,
206 /   7.54221 -7.70416,
207 /    7.5778 -7.70416,
208 /   7.61335 -7.70416,
209 /   7.64893 -7.70416,
210 /   7.68446 -7.70416,
211 /   7.71998 -7.70416,
212 /    7.7555 -7.70416,
213 /   7.79097 -7.70416,
214 /   7.82644 -7.70416,
215 /    7.8619 -7.70416,
216 /   7.89735 -7.70416,
217 /   7.93279 -7.70416,
218 /   7.96819 -7.70416,
219 /   8.00362 -7.70416,
220 /   8.03901 -7.70416,
221 /   8.07435 -7.70416,
222 /   8.10972 -7.70416,
223 /   8.14504 -7.70416,
224 /   8.18036 -7.70416,
225 /   8.21567 -7.70416,
226 /   8.25097 -7.70416,
227 /   8.28626 -7.70416,
228 /   8.32151 -7.70416,
229 /   8.35676 -7.70416,
230 /   8.39199 -7.70416,
231 /   8.42718 -7.70416,
232 /   8.46236 -7.70416,
233 /   8.49754 -7.70416,
234 /    8.5327 -7.70416,
235 /   8.56786 -7.70416,
236 /   8.60297 -7.70416,
237 /   8.63811 -7.70416,
238 /   8.67318 -7.70416,
239 /   8.70827 -7.70416,
240 /   8.74335 -7.70416,
241 /   8.77838 -7.70416,
242 /   8.81341 -7.70416,
243 /   8.84843 -7.70416,
244 /   8.88341 -7.70416,
245 /   8.91837 -7.70416,
246 /   8.95333 -7.70416,
247 /   8.98828 -7.70416,
248 /   9.02323 -7.70416,
249 /   9.05812 -7.70416,
250 /   9.09301 -7.70416,
251 /   9.12789 -7.70416,
252 /   9.16273 -7.70416,
253 /   9.19759 -7.70416,
254 /   9.23241 -7.70416,
255 /   9.26718 -7.70416,
256 /   9.30199 -7.70416,
257 /   9.33674 -7.70416,
258 /   9.37149 -7.70416,
259 /   9.40623 -7.70416,
260 /   9.44096 -7.70416,
261 /   9.47565 -7.70416,
262 /   9.51032 -7.70416,
263 /   9.54499 -7.70416,
264 /   9.57961 -7.70416,
265 /   9.61423 -7.70416,
266 /   9.64883 -7.70416,
267 /   9.68343 -7.70416,
268 /   9.71798 -7.70416,
269 /   9.75256 -7.70416,
270 /   9.78706 -7.70416,
271 /   9.82158 -7.70416,
272 /   9.85606 -7.70416,
273 /   9.89057 -7.70416,
274 /   9.92499 -7.70416,
275 /   9.95944 -7.70416,
276 /   9.99385 -7.70416,
277 /   10.0282 -7.70416,
278 /   10.0626 -7.70416,
279 /    10.097 -7.70416,
280 /   10.1313 -7.70416,
281 /   10.1657 -7.70416,
282 /      10.2 -7.70416,
283 /   10.2343 -7.70416,
284 /   10.2685 -7.70416,
285 /   10.3027 -7.70416,
286 /    10.337 -7.70416,
287 /   10.3712 -7.70416,
288 /   10.4054 -7.70416,
289 /   10.4395 -7.70416,
290 /   10.4737 -7.70416,
291 /   10.5078 -7.70416,
292 /   10.5419 -7.70416,
293 /    10.576 -7.70416,
294 /   10.6101 -7.70416,
295 /   10.6441 -7.70416,
296 /   10.6782 -7.70416,
297 /   10.7121 -7.70416,
298 /   10.7461 -7.70416,
299 /   10.7801 -7.70416,
300 /    10.814 -7.70416,
301 /   10.8479 -7.70416,
302 /   10.8819 -7.70416,
303 /   10.9158 -7.70416,
304 /   10.9496 -7.70416,
305 /   10.9835 -7.70416,
306 /   11.0173 -7.70416,
307 /   11.0511 -7.70416,
308 /   11.0849 -7.70416,
309 /   11.1186 -7.70416,
310 /   11.1524 -7.70416,
311 /   11.1861 -7.70416,
312 /   11.2198 -7.70416,
313 /   11.2534 -7.70416,
314 /   11.2871 -7.70416,
315 /   11.3207 -7.70416,
316 /   11.3544 -7.70416,
317 /   11.3879 -7.70416,
318 /   11.4215 -7.70416,
319 /   11.4551 -7.70416,
320 /   11.4886 -7.70416,
321 /   11.5221 -7.70416,
322 /   11.5556 -7.70416,
323 /   11.5891 -7.70416,
324 /   11.6225 -7.70416,
325 /   11.6559 -7.70416,
326 /   11.6893 -7.70416,
327 /   11.7227 -7.70416,
328 /    11.756 -7.70416,
329 /   11.7894 -7.70416,
330 /   11.8227 -7.70416,
331 /    11.856 -7.70416,
332 /   11.8892 -7.70416,
333 /   11.9225 -7.70416,
334 /   11.9557 -7.70416,
335 /   11.9889 -7.70416,
336 /   12.0221 -7.70416,
337 /   12.0552 -7.70416,
338 /   12.0884 -7.70416,
339 /   12.1215 -7.70416,
340 /   12.1546 -7.70416,
341 /   12.1876 -7.70416,
342 /   12.2207 -7.70416,
343 /   12.2537 -7.70416,
344 /   12.2867 -7.70416,
345 /   12.3197 -7.70416,
346 /   12.3526 -7.70416,
347 /   12.3856 -7.70416,
348 /   12.4184 -7.70416,
349 /   12.4513 -7.70416,
350 /   12.4842 -7.70416,
351 /    12.517 -7.70416,
352 /   12.5499 -7.70416,
353 /   12.5826 -7.70416,
354 /   12.6154 -7.70416,
355 /   12.6482 -7.70416,
356 /   12.6809 -7.70416,
357 /   12.7136 -7.70416,
358 /   12.7463 -7.70416,
359 /   12.7789 -7.70416,
360 /   12.8115 -7.70416,
361 /   12.8442 -7.70416,
362 /   12.8767 -7.70416,
363 /   12.9093 -7.70416,
364 /   12.9418 -7.70416,
365 /   12.9743 -7.70416,
366 /   13.0068 -7.70416,
367 /   13.0393 -7.70416,
368 /   13.0717 -7.70416,
369 /   13.1041 -7.70416,
370 /   13.1365 -7.70416,
371 /   13.1689 -7.70416,
372 /   13.2012 -7.70416,
373 /   13.2336 -7.70416,
374 /   13.2659 -7.70416,
375 /   13.2981 -7.70416,
376 /   13.3304 -7.70416,
377 /   13.3626 -7.70416,
378 /   13.3948 -7.70416,
379 /    13.427 -7.70416,
380 /   13.4591 -7.70416,
381 /   13.4912 -7.70416,
382 /   13.5233 -7.70416,
383 /   13.5554 -7.70416,
384 /   13.5875 -7.70416,
385 /   13.6195 -7.70416,
386 /   13.6515 -7.70416,
387 /   13.6835 -7.70416,
388 /   13.7154 -7.70416,
389 /   13.7474 -7.70416,
390 /   13.7793 -7.70416,
391 /   13.8111 -7.70416,
392 /    13.843 -7.70416,
393 /   13.8748 -7.70416,
394 /   13.9066 -7.70416,
395 /   13.9384 -7.70416,
396 /   13.9702 -7.70416,
397 /   14.0019 -7.70416,
398 /   14.0336 -7.70416,
399 /   14.0653 -7.70416,
400 /   14.0969 -7.70416,
401 /   14.1285 -7.70416,
402 /   14.1602 -7.70416,
403 /   14.1917 -7.70416,
404 /   14.2233 -7.70416,
405 /   14.2548 -7.70416,
406 /   14.2863 -7.70416,
407 /   14.3178 -7.70416,
408 /   14.3492 -7.70416,
409 /   14.3806 -7.70416,
410 /    14.412 -7.70416,
411 /   14.4434 -7.70416,
412 /   14.4748 -7.70416,
413 /   14.5061 -7.70416,
414 /   14.5374 -7.70416,
415 /   14.5686 -7.70416,
416 /   14.5999 -7.70416,
417 /   14.6311 -7.70416,
418 /   14.6623 -7.70416,
419 /   14.6935 -7.70416,
420 /   14.7246 -7.70416,
421 /   14.7557 -7.70416,
422 /   14.7868 -7.70416,
423 /   14.8179 -7.70416,
424 /   14.8489 -7.70416,
425 /   14.8799 -7.70416,
426 /   14.9109 -7.70416,
427 /   14.9418 -7.70416,
428 /   14.9727 -7.70416,
429 /   15.0037 -7.70416,
430 /   15.0345 -7.70416,
431 /   15.0654 -7.70416,
432 /   15.0962 -7.70416,
433 /    15.127 -7.70416,
434 /   15.1577 -7.70416,
435 /   15.1885 -7.70416,
436 /   15.2192 -7.70416,
437 /   15.2499 -7.70416,
438 /   15.2806 -7.70416,
439 /   15.3112 -7.70416,
440 /   15.3418 -7.70416,
441 /   15.3724 -7.70416,
442 /   15.4029 -7.70416,
443 /   15.4335 -7.70416,
444 /   15.4639 -7.70416,
445 /   15.4944 -7.70416,
446 /   15.5249 -7.70416,
447 /   15.5553 -7.70416,
448 /   15.5857 -7.70416,
449 /    15.616 -7.70416,
450 /   15.6464 -7.70416,
451 /   15.6767 -7.70416,
452 /    15.707 -7.70416,
453 /   15.7372 -7.70416,
454 /   15.7674 -7.70416,
455 /   15.7976 -7.70416,
456 /   15.8278 -7.70416,
457 /   15.8579 -7.70416,
458 /   15.8881 -7.70416,
459 /   15.9182 -7.70416,
460 /   15.9482 -7.70416,
461 /   15.9782 -7.70416,
462 /   16.0082 -7.70416,
463 /   16.0382 -7.70416,
464 /   16.0682 -7.70416,
465 /   16.0981 -7.70416,
466 /    16.128 -7.70416,
467 /   16.1579 -7.70416,
468 /   16.1877 -7.70416,
469 /   16.2175 -7.70416,
470 /   16.2473 -7.70416,
471 /   16.2771 -7.70416,
472 /   16.3068 -7.70416,
473 /   16.3365 -7.70416,
474 /   16.3661 -7.70416,
475 /   16.3958 -7.70416,
476 /   16.4254 -7.70416,
477 /    16.455 -7.70416,
478 /   16.4845 -7.70416,
479 /   16.5141 -7.70416,
480 /   16.5435 -7.70416,
481 /    16.573 -7.70416,
482 /   16.6025 -7.70416,
483 /   16.6319 -7.70416,
484 /   16.6613 -7.70416,
485 /   16.6906 -7.70416,
486 /     16.72 -7.70416,
487 /   16.7493 -7.70416,
488 /   16.7785 -7.70416,
489 /   16.8078 -7.70416,
490 /    16.837 -7.70416,
491 /   16.8662 -7.70416,
492 /   16.8953 -7.70416,
493 /   16.9245 -7.70416,
494 /   16.9535 -7.70416,
495 /   16.9826 -7.70416,
496 /   17.0117 -7.70416,
497 /   17.0407 -7.70416,
498 /   17.0697 -7.70416,
499 /   17.0986 -7.70416,
500 /   17.1276 -7.70416,
501 /   17.1565 -7.70416,
502 /   17.1853 -7.70416,
503 /   17.2142 -7.70416,
504 /    17.243 -7.70416,
505 /   17.2717 -7.70416,
506 /   17.3005 -7.70416,
507 /   17.3292 -7.70416,
508 /   17.3579 -7.70416,
509 /   17.3866 -7.70416,
510 /   17.4152 -7.70416,
511 /   17.4438 -7.70416,
512 /   17.4724 -7.70416,
513 /   17.5009 -7.70416,
514 /   17.5295 -7.70416,
515 /    17.558 -7.70416,
516 /   17.5864 -7.70416,
517 /   17.6148 -7.70416,
518 /   17.6433 -7.70416,
519 /   17.6716 -7.70416,
520 /      17.7 -7.70416,
521 /   17.7283 -7.70416,
522 /   17.7566 -7.70416,
523 /   17.7848 -7.70416,
524 /    17.813 -7.70416,
525 /   17.8412 -7.70416,
526 /   17.8694 -7.70416,
527 /   17.8975 -7.70416,
528 /   17.9256 -7.70416,
529 /   17.9537 -7.70416,
530 /   17.9817 -7.70416,
531 /   18.0098 -7.70416,
532 /   18.0377 -7.70416,
533 /   18.0657 -7.70416,
534 /   18.0936 -7.70416,
535 /   18.1215 -7.70416,
536 /   18.1494 -7.70416,
537 /   18.1772 -7.70416,
538 /    18.205 -7.70416,
539 /   18.2328 -7.70416,
540 /   18.2605 -7.70416,
541 /   18.2882 -7.70416,
542 /   18.3159 -7.70416,
543 /   18.3436 -7.70416,
544 /   18.3712 -7.70416,
545 /   18.3988 -7.70416,
546 /   18.4264 -7.70416,
547 /   18.4539 -7.70416,
548 /   18.4814 -7.70416,
549 /   18.5089 -7.70416,
550 /   18.5363 -7.70416,
551 /   18.5637 -7.70416,
552 /   18.5911 -7.70416,
553 /   18.6185 -7.70416,
554 /   18.6458 -7.70416,
555 /   18.6731 -7.70416,
556 /   18.7004 -7.70416,
557 /   18.7276 -7.70416,
558 /   18.7548 -7.70416,
559 /    18.782 -7.70416,
560 /   18.8091 -7.70416,
561 /   18.8362 -7.70416,
562 /   18.8633 -7.70416,
563 /   18.8904 -7.70416,
564 /   18.9174 -7.70416,
565 /   18.9444 -7.70416,
566 /   18.9713 -7.70416,
567 /   18.9982 -7.70416,
568 /   19.0251 -7.70416,
569 /    19.052 -7.70416,
570 /   19.0788 -7.70416,
571 /   19.1056 -7.70416,
572 /   19.1324 -7.70416,
573 /   19.1591 -7.70416,
574 /   19.1859 -7.70416,
575 /   19.2126 -7.70416,
576 /   19.2392 -7.70416,
577 /   19.2658 -7.70416,
578 /   19.2924 -7.70416,
579 /    19.319 -7.70416,
580 /   19.3455 -7.70416,
581 /    19.372 -7.70416,
582 /   19.3984 -7.70416,
583 /   19.4249 -7.70416,
584 /   19.4513 -7.70416,
585 /   19.4776 -7.70416,
586 /    19.504 -7.70416,
587 /   19.5303 -7.70416,
588 /   19.5566 -7.70416,
589 /   19.5828 -7.70416,
590 /    19.609 -7.70416,
591 /   19.6352 -7.70416,
592 /   19.6614 -7.70416,
593 /   19.6875 -7.70416,
594 /   19.7136 -7.70416,
595 /   19.7397 -7.70416,
596 /   19.7657 -7.70416,
597 /   19.7917 -7.70416,
598 /   19.8177 -7.70416,
599 /   19.8436 -7.70416,
600 /   19.8695 -7.70416,
601 /   19.8954 -7.70416,
602 /   19.9212 -7.70416,
603 /    19.947 -7.70416,
604 /   19.9728 -7.70416,
605 /   19.9985 -7.70416,
606 /   20.0243 -7.70416,
607 /   20.0499 -7.70416,
608 /   20.0756 -7.70416,
609 /   20.1012 -7.70416,
610 /   20.1268 -7.70416,
611 /   20.1524 -7.70416,
612 /   20.1779 -7.70416,
613 /   20.2034 -7.70416,
614 /   20.2289 -7.70416,
615 /   20.2543 -7.70416,
616 /   20.2797 -7.70416,
617 /   20.3051 -7.70416,
618 /   20.3304 -7.70416,
619 /   20.3557 -7.70416,
620 /    20.381 -7.70416,
621 /   20.4063 -7.70416,
622 /   20.4315 -7.70416,
623 /   20.4566 -7.70416,
624 /   20.4818 -7.70416,
625 /   20.5069 -7.70416,
626 /    20.532 -7.70416,
627 /   20.5571 -7.70416,
628 /   20.5821 -7.70416,
629 /   20.6071 -7.70416,
630 /    20.632 -7.70416,
631 /   20.6569 -7.70416,
632 /   20.6819 -7.70416,
633 /   20.7067 -7.70416,
634 /   20.7316 -7.70416,
635 /   20.7564 -7.70416,
636 /   20.7811 -7.70416,
637 /   20.8059 -7.70416,
638 /   20.8306 -7.70416,
639 /   20.8553 -7.70416,
640 /   20.8799 -7.70416,
641 /   20.9045 -7.70416,
642 /   20.9291 -7.70416,
643 /   20.9536 -7.70416,
644 /   20.9782 -7.70416,
645 /   21.0026 -7.70416,
646 /   21.0271 -7.70416,
647 /   21.0515 -7.70416,
648 /   21.0759 -7.70416,
649 /   21.1003 -7.70416,
650 /   21.1246 -7.70416,
651 /   21.1489 -7.70416,
652 /   21.1731 -7.70416,
653 /   21.1974 -7.70416,
654 /   21.2216 -7.70416,
655 /   21.2457 -7.70416,
656 /   21.2699 -7.70416,
657 /    21.294 -7.70416,
658 /   21.3181 -7.70416,
659 /   21.3421 -7.70416,
660 /   21.3661 -7.70416,
661 /   21.3901 -7.70416,
662 /    21.414 -7.70416,
663 /   21.4379 -7.70416,
664 /   21.4618 -7.70416,
665 /   21.4856 -7.70416,
666 /   21.5095 -7.70416,
667 /   21.5332 -7.70416,
668 /    21.557 -7.70416,
669 /   21.5807 -7.70416,
670 /   21.6044 -7.70416,
671 /    21.628 -7.70416,
672 /   21.6517 -7.70416,
673 /   21.6753 -7.70416,
674 /   21.6988 -7.70416,
675 /   21.7223 -7.70416,
676 /   21.7459 -7.70416,
677 /   21.7693 -7.70416,
678 /   21.7927 -7.70416,
679 /   21.8161 -7.70416,
680 /   21.8395 -7.70416,
681 /   21.8628 -7.70416,
682 /   21.8861 -7.70416,
683 /   21.9094 -7.70416,
684 /   21.9326 -7.70416,
685 /   21.9559 -7.70416,
686 /    21.979 -7.70416,
687 /   22.0022 -7.70416,
688 /   22.0253 -7.70416,
689 /   22.0484 -7.70416,
690 /   22.0714 -7.70416,
691 /   22.0944 -7.70416,
692 /   22.1174 -7.70416,
693 /   22.1403 -7.70416,
694 /   22.1633 -7.70416,
695 /   22.1861 -7.70416,
696 /    22.209 -7.70416,
697 /   22.2318 -7.70416,
698 /   22.2546 -7.70416,
699 /   22.2774 -7.70416,
700 /   22.3001 -7.70416,
701 /   22.3228 -7.70416,
702 /   22.3454 -7.70416,
703 /    22.368 -7.70416,
704 /   22.3907 -7.70416,
705 /   22.4132 -7.70416,
706 /   22.4357 -7.70416,
707 /   22.4583 -7.70416,
708 /   22.4807 -7.70416,
709 /   22.5031 -7.70416,
710 /   22.5256 -7.70416,
711 /   22.5479 -7.70416,
712 /   22.5702 -7.70416,
713 /   22.5926 -7.70416,
714 /   22.6148 -7.70416,
715 /   22.6371 -7.70416,
716 /   22.6593 -7.70416,
717 /   22.6814 -7.70416,
718 /   22.7036 -7.70416,
719 /   22.7257 -7.70416,
720 /   22.7478 -7.70416,
721 /   22.7698 -7.70416,
722 /   22.7919 -7.70416,
723 /   22.8138 -7.70416,
724 /   22.8358 -7.70416,
725 /   22.8577 -7.70416,
726 /   22.8796 -7.70416,
727 /   22.9014 -7.70416,
728 /   22.9233 -7.70416,
729 /   22.9451 -7.70416,
730 /   22.9668 -7.70416,
731 /   22.9885 -7.70416,
732 /   23.0102 -7.70416,
733 /   23.0319 -7.70416,
734 /   23.0535 -7.70416,
735 /   23.0751 -7.70416,
736 /   23.0967 -7.70416,
737 /   23.1182 -7.70416,
738 /   23.1397 -7.70416,
739 /   23.1612 -7.70416,
740 /   23.1826 -7.70416,
741 /    23.204 -7.70416,
742 /   23.2254 -7.70416,
743 /   23.2467 -7.70416,
744 /    23.268 -7.70416,
745 /   23.2893 -7.70416,
746 /   23.3106 -7.70416,
747 /   23.3318 -7.70416,
748 /   23.3529 -7.70416,
749 /   23.3741 -7.70416,
750 /   23.3952 -7.70416,
751 /   23.4163 -7.70416,
752 /   23.4373 -7.70416,
753 /   23.4584 -7.70416,
754 /   23.4793 -7.70416,
755 /   23.5003 -7.70416,
756 /   23.5212 -7.70416,
757 /   23.5421 -7.70416,
758 /   23.5629 -7.70416,
759 /   23.5838 -7.70416,
760 /   23.6046 -7.70416,
761 /   23.6253 -7.70416,
762 /   23.6461 -7.70416,
763 /   23.6668 -7.70416,
764 /   23.6874 -7.70416,
765 /   23.7081 -7.70416,
766 /   23.7286 -7.70416,
767 /   23.7492 -7.70416,
768 /   23.7698 -7.70416,
769 /   23.7903 -7.70416,
770 /   23.8107 -7.70416,
771 /   23.8312 -7.70416,
772 /   23.8516 -7.70416,
773 /   23.8719 -7.70416,
774 /   23.8923 -7.70416,
775 /   23.9126 -7.70416,
776 /   23.9329 -7.70416,
777 /   23.9531 -7.70416,
778 /   23.9733 -7.70416,
779 /   23.9935 -7.70416,
780 /   24.0137 -7.70416,
781 /   24.0338 -7.70416,
782 /   24.0539 -7.70416,
783 /   24.0739 -7.70416,
784 /   24.0939 -7.70416,
785 /   24.1139 -7.70416,
786 /   24.1339 -7.70416,
787 /   24.1538 -7.70416,
788 /   24.1737 -7.70416,
789 /   24.1936 -7.70416,
790 /   24.2134 -7.70416,
791 /   24.2332 -7.70416,
792 /    24.253 -7.70416,
793 /   24.2727 -7.70416,
794 /   24.2924 -7.70416,
795 /   24.3121 -7.70416,
796 /   24.3317 -7.70416,
797 /   24.3513 -7.70416,
798 /   24.3709 -7.70416,
799 /   24.3904 -7.70416,
800 /   24.4099 -7.70416,
801 /   24.4294 -7.70416,
802 /   24.4489 -7.70416,
803 /   24.4683 -7.70416,
804 /   24.4877 -7.70416,
805 /    24.507 -7.70416,
806 /   24.5263 -7.70416,
807 /   24.5456 -7.70416,
808 /   24.5649 -7.70416,
809 /   24.5841 -7.70416,
810 /   24.6033 -7.70416,
811 /   24.6224 -7.70416,
812 /   24.6416 -7.70416,
813 /   24.6607 -7.70416,
814 /   24.6797 -7.70416,
815 /   24.6988 -7.70416,
816 /   24.7178 -7.70416,
817 /   24.7367 -7.70416,
818 /   24.7557 -7.70416,
819 /   24.7746 -7.70416,
820 /   24.7935 -7.70416,
821 /   24.8123 -7.70416,
822 /   24.8311 -7.70416,
823 /   24.8499 -7.70416,
824 /   24.8686 -7.70416,
825 /   24.8873 -7.70416,
826 /    24.906 -7.70416,
827 /   24.9247 -7.70416,
828 /   24.9433 -7.70416,
829 /   24.9619 -7.70416,
830 /   24.9804 -7.70416,
831 /    24.999 -7.70416,
832 /   25.0175 -7.70416,
833 /   25.0359 -7.70416,
834 /   25.0543 -7.70416,
835 /   25.0728 -7.70416,
836 /   25.0911 -7.70416,
837 /   25.1094 -7.70416,
838 /   25.1278 -7.70416,
839 /    25.146 -7.70416,
840 /   25.1643 -7.70416,
841 /   25.1825 -7.70416,
842 /   25.2007 -7.70416,
843 /   25.2188 -7.70416,
844 /   25.2369 -7.70416,
845 /    25.255 -7.70416,
846 /    25.273 -7.70416,
847 /   25.2911 -7.70416,
848 /    25.309 -7.70416,
849 /    25.327 -7.70416,
850 /   25.3449 -7.70416,
851 /   25.3628 -7.70416,
852 /   25.3807 -7.70416,
853 /   25.3985 -7.70416,
854 /   25.4163 -7.70416,
855 /   25.4341 -7.70416,
856 /   25.4518 -7.70416,
857 /   25.4695 -7.70416,
858 /   25.4872 -7.70416,
859 /   25.5048 -7.70416,
860 /   25.5225 -7.70416,
861 /     25.54 -7.70416,
862 /   25.5576 -7.70416,
863 /   25.5751 -7.70416,
864 /   25.5926 -7.70416,
865 /     25.61 -7.70416,
866 /   25.6275 -7.70416,
867 /   25.6449 -7.70416,
868 /   25.6622 -7.70416,
869 /   25.6795 -7.70416,
870 /   25.6968 -7.70416,
871 /   25.7141 -7.70416,
872 /   25.7313 -7.70416,
873 /   25.7486 -7.70416,
874 /   25.7657 -7.70416,
875 /   25.7829 -7.70416,
876 /      25.8 -7.70416,
877 /   25.8171 -7.70416,
878 /   25.8341 -7.70416,
879 /   25.8511 -7.70416,
880 /   25.8681 -7.70416,
881 /   25.8851 -7.70416,
882 /    25.902 -7.70416,
883 /   25.9189 -7.70416,
884 /   25.9358 -7.70416,
885 /   25.9526 -7.70416,
886 /   25.9694 -7.70416,
887 /   25.9862 -7.70416,
888 /   26.0029 -7.70416,
889 /   26.0196 -7.70416,
890 /   26.0363 -7.70416,
891 /   26.0529 -7.70416,
892 /   26.0696 -7.70416,
893 /   26.0861 -7.70416,
894 /   26.1027 -7.70416,
895 /   26.1192 -7.70416,
896 /   26.1357 -7.70416,
897 /   26.1522 -7.70416,
898 /   26.1686 -7.70416,
899 /    26.185 -7.70416,
900 /   26.2014 -7.70416,
901 /   26.2177 -7.70416,
902 /    26.234 -7.70416,
903 /   26.2503 -7.70416,
904 /   26.2665 -7.70416,
905 /   26.2828 -7.70416,
906 /   26.2989 -7.70416,
907 /   26.3151 -7.70416,
908 /   26.3312 -7.70416,
909 /   26.3473 -7.70416,
910 /   26.3634 -7.70416,
911 /   26.3794 -7.70416,
912 /   26.3954 -7.70416,
913 /   26.4114 -7.70416,
914 /   26.4273 -7.70416,
915 /   26.4433 -7.70416,
916 /   26.4591 -7.70416,
917 /    26.475 -7.70416,
918 /   26.4908 -7.70416,
919 /   26.5066 -7.70416,
920 /   26.5224 -7.70416,
921 /   26.5381 -7.70416,
922 /   26.5538 -7.70416,
923 /   26.5694 -7.70416,
924 /   26.5851 -7.70416,
925 /   26.6007 -7.70416,
926 /   26.6163 -7.70416,
927 /   26.6318 -7.70416,
928 /   26.6473 -7.70416,
929 /   26.6628 -7.70416,
930 /   26.6783 -7.70416,
931 /   26.6937 -7.70416,
932 /   26.7091 -7.70416,
933 /   26.7244 -7.70416,
934 /   26.7398 -7.70416,
935 /   26.7551 -7.70416,
936 /   26.7703 -7.70416,
937 /   26.7856 -7.70416,
938 /   26.8008 -7.70416,
939 /    26.816 -7.70416,
940 /   26.8311 -7.70416,
941 /   26.8463 -7.70416,
942 /   26.8614 -7.70416,
943 /   26.8764 -7.70416,
944 /   26.8915 -7.70416,
945 /   26.9065 -7.70416,
946 /   26.9214 -7.70416,
947 /   26.9364 -7.70416,
948 /   26.9513 -7.70416,
949 /   26.9662 -7.70416,
950 /    26.981 -7.70416,
951 /   26.9959 -7.70416,
952 /   27.0106 -7.70416,
953 /   27.0254 -7.70416,
954 /   27.0402 -7.70416,
955 /   27.0549 -7.70416,
956 /   27.0695 -7.70416,
957 /   27.0842 -7.70416,
958 /   27.0988 -7.70416,
959 /   27.1134 -7.70416,
960 /   27.1279 -7.70416,
961 /   27.1425 -7.70416,
962 /    27.157 -7.70416,
963 /   27.1714 -7.70416,
964 /   27.1859 -7.70416,
965 /   27.2003 -7.70416,
966 /   27.2146 -7.70416,
967 /    27.229 -7.70416,
968 /   27.2433 -7.70416,
969 /   27.2576 -7.70416,
970 /   27.2719 -7.70416,
971 /   27.2861 -7.70416,
972 /   27.3003 -7.70416,
973 /   27.3145 -7.70416,
974 /   27.3286 -7.70416,
975 /   27.3427 -7.70416,
976 /   27.3568 -7.70416,
977 /   27.3709 -7.70416,
978 /   27.3849 -7.70416,
979 /   27.3989 -7.70416,
980 /   27.4128 -7.70416,
981 /   27.4268 -7.70416,
982 /   27.4407 -7.70416,
983 /   27.4546 -7.70416,
984 /   27.4684 -7.70416,
985 /   27.4822 -7.70416,
986 /    27.496 -7.70416,
987 /   27.5098 -7.70416,
988 /   27.5235 -7.70416,
989 /   27.5372 -7.70416,
990 /   27.5509 -7.70416,
991 /   27.5645 -7.70416,
992 /   27.5782 -7.70416,
993 /   27.5917 -7.70416,
994 /   27.6053 -7.70416,
995 /   27.6188 -7.70416,
996 /   27.6323 -7.70416,
997 /   27.6458 -7.70416,
998 /   27.6592 -7.70416,
999 /   27.6726 -7.70416,
1000 /    27.686 -7.70416,
1001 /   27.6994 -7.70416,
1002 /   27.7127 -7.70416,
1003 /    27.726 -7.70416,
1004 /   27.7393 -7.70416,
1005 /   27.7525 -7.70416,
1006 /   27.7657 -7.70416,
1007 /   27.7789 -7.70416,
1008 /    27.792 -7.70416,
1009 /   27.8052 -7.70416,
1010 /   27.8183 -7.70416,
1011 /   27.8313 -7.70416,
1012 /   27.8444 -7.70416,
1013 /   27.8574 -7.70416,
1014 /   27.8704 -7.70416,
1015 /   27.8833 -7.70416,
1016 /   27.8962 -7.70416,
1017 /   27.9091 -7.70416,
1018 /    27.922 -7.70416,
1019 /   27.9348 -7.70416,
1020 /   27.9476 -7.70416,
1021 /   27.9604 -7.70416,
1022 /   27.9732 -7.70416,
1023 /   27.9859 -7.70416,
1024 /   27.9986 -7.70416,
1025 /   28.0113 -7.70416,
1026 /   28.0239 -7.70416,
1027 /   28.0365 -7.70416,
1028 /   28.0491 -7.70416,
1029 /   28.0616 -7.70416,
1030 /   28.0742 -7.70416,
1031 /   28.0867 -7.70416,
1032 /   28.0991 -7.70416,
1033 /   28.1116 -7.70416,
1034 /    28.124 -7.70416,
1035 /   28.1364 -7.70416,
1036 /   28.1487 -7.70416,
1037 /   28.1611 -7.70416,
1038 /   28.1734 -7.70416,
1039 /   28.1856 -7.70416,
1040 /   28.1979 -7.70416,
1041 /   28.2101 -7.70416,
1042 /   28.2223 -7.70416,
1043 /   28.2344 -7.70416,
1044 /   28.2466 -7.70416,
1045 /   28.2587 -7.70416,
1046 /   28.2707 -7.70416,
1047 /   28.2828 -7.70416,
1048 /   28.2948 -7.70416,
1049 /   28.3068 -7.70416,
1050 /   28.3188 -7.70416,
1051 /   28.3307 -7.70416,
1052 /   28.3426 -7.70416,
1053 /   28.3545 -7.70416,
1054 /   28.3663 -7.70416,
1055 /   28.3782 -7.70416,
1056 /     28.39 -7.70416,
1057 /   28.4017 -7.70416,
1058 /   28.4135 -7.70416,
1059 /   28.4252 -7.70416,
1060 /   28.4369 -7.70416,
1061 /   28.4485 -7.70416,
1062 /   28.4602 -7.70416,
1063 /   28.4718 -7.70416,
1064 /   28.4833 -7.70416,
1065 /   28.4949 -7.70416,
1066 /   28.5064 -7.70416,
1067 /   28.5179 -7.70416,
1068 /   28.5294 -7.70416,
1069 /   28.5408 -7.70416,
1070 /   28.5522 -7.70416,
1071 /   28.5636 -7.70416,
1072 /    28.575 -7.70416,
1073 /   28.5863 -7.70416,
1074 /   28.5976 -7.70416,
1075 /   28.6089 -7.70416,
1076 /   28.6201 -7.70416,
1077 /   28.6313 -7.70416,
1078 /   28.6425 -7.70416,
1079 /   28.6537 -7.70416,
1080 /   28.6648 -7.70416,
1081 /   28.6759 -7.70416,
1082 /    28.687 -7.70416,
1083 /   28.6981 -7.70416,
1084 /   28.7091 -7.70416,
1085 /   28.7201 -7.70416,
1086 /   28.7311 -7.70416,
1087 /    28.742 -7.70416,
1088 /   28.7529 -7.70416,
1089 /   28.7638 -7.70416,
1090 /   28.7747 -7.70416,
1091 /   28.7856 -7.70416,
1092 /   28.7964 -7.70416,
1093 /   28.8071 -7.70416,
1094 /   28.8179 -7.70416,
1095 /   28.8286 -7.70416,
1096 /   28.8394 -7.70416,
1097 /     28.85 -7.70416,
1098 /   28.8607 -7.70416,
1099 /   28.8713 -7.70416,
